{
  "project_info": {
    "project_number": "982285353997",
    "project_id": "fir-authdemo-5224c",
    "storage_bucket": "fir-authdemo-5224c.appspot.com"
  },
  "client": [
    {
      "client_info": {
        "mobilesdk_app_id": "1:982285353997:android:c105ca1dd5e98dae3b4144",
        "android_client_info": {
          "package_name": "com.firebaseauthdemo"
        }
      },
      "oauth_client": [
        {
          "client_id": "982285353997-v0kpb1bhvs3uaceg5ulqpukft2brbe49.apps.googleusercontent.com",
          "client_type": 1,
          "android_info": {
            "package_name": "com.firebaseauthdemo",
            "certificate_hash": "c27d632637790300415536f0706b09903ab322c9"
          }
        },
        {
          "client_id": "982285353997-ns2711s4jf6553pte7jh766kirqgbmur.apps.googleusercontent.com",
          "client_type": 3
        }
      ],
      "api_key": [
        {
          "current_key": "AIzaSyBswA_4DLXDPhZR5O4jkVAUwHj-8qrUReE"
        }
      ],
      "services": {
        "appinvite_service": {
          "other_platform_oauth_client": [
            {
              "client_id": "982285353997-ns2711s4jf6553pte7jh766kirqgbmur.apps.googleusercontent.com",
              "client_type": 3
            }
          ]
        }
      }
    }
  ],
  "configuration_version": "1"
}